Flight No,Launch site,Payload,Payload mass,Orbit,Customer,Launch outcome,Version Booster,Booster landing,Date,Time,Payload mass classified,,latitude,longitude,desc,name
1,CCAFS-SLC-40,Dragon Spacecraft Qualification Unit,0,LEO,SpaceX,  Success,F9 v1.0B0003.1,  Failure parachute,4-Jun-10,18:45,0,,28.5618571,-80.577366,Cape Canaveral Space Force Station Space Launch Complex 40,Cape Canaveral 
2,CCAFS-SLC-40,Dragon,0,LEO,NASA,  Success,F9 v1.0B0004.1,  Failure parachute,8-Dec-10,15:43,0,,28.5618571,-80.577366,Cape Canaveral Space Force Station Space Launch Complex 40,Cape Canaveral 
3,CCAFS-SLC-40,Dragon,525,LEO,NASA,  Success,F9 v1.0B0005.1,  No attempt,22-May-12,7:44,0,,28.5618571,-80.577366,Cape Canaveral Space Force Station Space Launch Complex 40,Cape Canaveral 
4,CCAFS-SLC-40,SpaceX CRS-1,4700,LEO,NASA,  Success,F9 v1.0B0006.1,  No attempt,8-Oct-12,0:35,0,,28.5618571,-80.577366,Cape Canaveral Space Force Station Space Launch Complex 40,Cape Canaveral 
5,CCAFS-SLC-40,SpaceX CRS-2,4877,LEO,NASA,  Success,F9 v1.0B0007.1,  No attempt,1-Mar-13,15:10,0,,28.5618571,-80.577366,Cape Canaveral Space Force Station Space Launch Complex 40,Cape Canaveral 
6,VAFB-SLC-4E,CASSIOPE,500,LEO,MDA,  Success,F9 v1.1B1003,  Uncontrolled ocean,29-Sep-13,16:00,0,,34.632093,-120.610829,Vandenberg Space Force Base Space Launch Complex 4E,Vandenberg Space Force Base
7,CCAFS-SLC-40,SES-8,3170,GTO,SES,  Success,F9 v1.1,  No attempt,3-Dec-13,22:41,0,,28.5618571,-80.577366,Cape Canaveral Space Force Station Space Launch Complex 40,Cape Canaveral 
8,CCAFS-SLC-40,Thaicom 6,3325,GTO,Thaicom,  Success,F9 v1.1,  No attempt,6-Jan-14,22:06,0,,28.5618571,-80.577366,Cape Canaveral Space Force Station Space Launch Complex 40,Cape Canaveral 
9,CCAFS-SLC-40,SpaceX CRS-3,2296,LEO,NASA,  Success,F9 v1.1,  Controlled ocean,18-Apr-14,19:25,0,,28.5618571,-80.577366,Cape Canaveral Space Force Station Space Launch Complex 40,Cape Canaveral 
10,CCAFS-SLC-40,Orbcomm-OG2,1316,LEO,Orbcomm,  Success,F9 v1.1,  Controlled ocean,14-Jul-14,15:15,0,,28.5618571,-80.577366,Cape Canaveral Space Force Station Space Launch Complex 40,Cape Canaveral 
11,CCAFS-SLC-40,AsiaSat 8,4535,GTO,AsiaSat,  Success,F9 v1.1,  No attempt,5-Aug-14,8:00,0,,28.5618571,-80.577366,Cape Canaveral Space Force Station Space Launch Complex 40,Cape Canaveral 
12,CCAFS-SLC-40,AsiaSat 6,4428,GTO,AsiaSat,  Success,F9 v1.1,  No attempt,7-Sep-14,5:00,0,,28.5618571,-80.577366,Cape Canaveral Space Force Station Space Launch Complex 40,Cape Canaveral 
13,CCAFS-SLC-40,SpaceX CRS-4,2216,LEO,NASA,  Success,F9 v1.1,  Uncontrolled ocean,21-Sep-14,5:52,0,,28.5618571,-80.577366,Cape Canaveral Space Force Station Space Launch Complex 40,Cape Canaveral 
14,CCAFS-SLC-40,SpaceX CRS-5,2395,LEO,NASA,  Success,F9 v1.1,  Failure  drone ship,10-Jan-15,9:47,0,,28.5618571,-80.577366,Cape Canaveral Space Force Station Space Launch Complex 40,Cape Canaveral 
15,CCAFS-SLC-40,DSCOVR,570,HEO,USAF,  Success,F9 v1.1,  Controlled ocean,11-Feb-15,23:03,0,,28.5618571,-80.577366,Cape Canaveral Space Force Station Space Launch Complex 40,Cape Canaveral 
16,CCAFS-SLC-40,ABS-3A,4159,GTO,ABS,  Success,F9 v1.1,  No attempt,2-Mar-15,3:50,0,,28.5618571,-80.577366,Cape Canaveral Space Force Station Space Launch Complex 40,Cape Canaveral 
17,CCAFS-SLC-40,SpaceX CRS-6,1898,LEO,NASA,  Success,F9 v1.1,  Failure drone ship,14-Apr-15,20:10,0,,28.5618571,-80.577366,Cape Canaveral Space Force Station Space Launch Complex 40,Cape Canaveral 
18,CCAFS-SLC-40,MonacoSAT,4707,GTO,Turkmenistan National Space Agency,  Success,F9 v1.1,  No attempt,27-Apr-15,23:03,0,,28.5618571,-80.577366,Cape Canaveral Space Force Station Space Launch Complex 40,Cape Canaveral 
19,CCAFS-SLC-40,SpaceX CRS-7,1952,LEO,NASA,  Failure in,F9 v1.1,  Precluded drone ship,28-Jun-15,14:21,0,,28.5618571,-80.577366,Cape Canaveral Space Force Station Space Launch Complex 40,Cape Canaveral 
20,CCAFS-SLC-40,Orbcomm-OG2,2034,LEO,Orbcomm,  Success,F9 FT,  Success ground pad,22-Dec-15,1:29,0,,28.5618571,-80.577366,Cape Canaveral Space Force Station Space Launch Complex 40,Cape Canaveral 
21,VAFB-SLC-4E,Jason-3,553,LEO,NASA,  Success,F9 v1.1,  Failure drone ship,17-Jan-16,18:42,0,,34.632093,-120.610829,Vandenberg Space Force Base Space Launch Complex 4E,Vandenberg Space Force Base
22,CCAFS-SLC-40,SES-9,5271,GTO,SES,  Success,F9 FT,  Failure drone ship,4-Mar-16,23:35,0,,28.5618571,-80.577366,Cape Canaveral Space Force Station Space Launch Complex 40,Cape Canaveral 
23,CCAFS-SLC-40,SpaceX CRS-8,3136,LEO,NASA,  Success,F9 FT,  Success drone ship,8-Apr-16,20:43,0,,28.5618571,-80.577366,Cape Canaveral Space Force Station Space Launch Complex 40,Cape Canaveral 
24,CCAFS-SLC-40,JCSAT-14,4696,GTO,SKY Perfect JSAT Group,  Success,F9 FT,  Success drone ship,6-May-16,5:21,0,,28.5618571,-80.577366,Cape Canaveral Space Force Station Space Launch Complex 40,Cape Canaveral 
25,CCAFS-SLC-40,Thaicom 8,3100,GTO,Thaicom,  Success,F9 FT,  Success drone ship,27-May-16,21:39,0,,28.5618571,-80.577366,Cape Canaveral Space Force Station Space Launch Complex 40,Cape Canaveral 
26,CCAFS-SLC-40,ABS-2A,3600,GTO,ABS,  Success,F9 FT,  Failure drone ship,15-Jun-16,14:29,0,,28.5618571,-80.577366,Cape Canaveral Space Force Station Space Launch Complex 40,Cape Canaveral 
27,CCAFS-SLC-40,SpaceX CRS-9,2257,LEO,NASA,  Success,F9 FT,  Success ground pad,18-Jul-16,4:45,0,,28.5618571,-80.577366,Cape Canaveral Space Force Station Space Launch Complex 40,Cape Canaveral 
28,CCAFS-SLC-40,JCSAT-16,4600,GTO,SKY Perfect JSAT Group,  Success,F9 FT,  Success drone ship,14-Aug-16,5:26,0,,28.5618571,-80.577366,Cape Canaveral Space Force Station Space Launch Complex 40,Cape Canaveral 
29,VAFB-SLC-4E,Iridium NEXT,9600,LEO,Iridium Comm,  Success,F9 FT,  Success drone ship,14-Jan-17,17:54,0,,34.632093,-120.610829,Vandenberg Space Force Base Space Launch Complex 4E,Vandenberg Space Force Base
30,KSC-LC-39A,SpaceX CRS-10,2490,LEO,NASA,  Success,F9 FT,  Success ground pad,19-Feb-17,14:39,0,,28.6080585,-80.6039558,Kennedy Space Center Historic Launch Complex 39A,Kennedy Space Center
31,KSC-LC-39A,EchoStar 23,5600,GTO,EchoStar,  Success,F9 FT,  No attempt,16-Mar-17,6:00,0,,28.6080585,-80.6039558,Kennedy Space Center Historic Launch Complex 39A,Kennedy Space Center
32,KSC-LC-39A,SES-10,5300,GTO,SES,  Success,F9 FT♺,  Success drone ship,30-Mar-17,22:27,0,,28.6080585,-80.6039558,Kennedy Space Center Historic Launch Complex 39A,Kennedy Space Center
33,KSC-LC-39A,NROL-76,0,LEO,NRO,  Success,F9 FT,  Success ground pad,1-May-17,11:15,1,,28.6080585,-80.6039558,Kennedy Space Center Historic Launch Complex 39A,Kennedy Space Center
34,KSC-LC-39A,Inmarsat-5 F4,6070,GTO,Inmarsat,  Success,F9 FT,  No attempt,15-May-17,23:21,0,,28.6080585,-80.6039558,Kennedy Space Center Historic Launch Complex 39A,Kennedy Space Center
35,KSC-LC-39A,SpaceX CRS-11,2708,LEO,NASA,  Success,F9 FT,  Success ground pad,3-Jun-17,21:07,0,,28.6080585,-80.6039558,Kennedy Space Center Historic Launch Complex 39A,Kennedy Space Center
36,KSC-LC-39A,BulgariaSat-1,3669,GTO,Bulsatcom,  Success,F9 FTB1029.2,  Success drone ship,23-Jun-17,19:10,0,,28.6080585,-80.6039558,Kennedy Space Center Historic Launch Complex 39A,Kennedy Space Center
37,VAFB-SLC-4E,Iridium NEXT,9600,LEO,Iridium Comm,  Success,F9 FT,  Success drone ship,25-Jun-17,20:25,0,,34.632093,-120.610829,Vandenberg Space Force Base Space Launch Complex 4E,Vandenberg Space Force Base
38,KSC-LC-39A,Intelsat 35e,6761,GTO,Intelsat,  Success,F9 FT,  No attempt,5-Jul-17,23:38,0,,28.6080585,-80.6039558,Kennedy Space Center Historic Launch Complex 39A,Kennedy Space Center
39,KSC-LC-39A,SpaceX CRS-12,3310,LEO,NASA,  Success,F9 B4,  Success ground pad,14-Aug-17,16:31,0,,28.6080585,-80.6039558,Kennedy Space Center Historic Launch Complex 39A,Kennedy Space Center
40,VAFB-SLC-4E,Formosat-5,475,SSO,NSPO,  Success,F9 FT,  Success drone ship,24-Aug-17,18:51,0,,34.632093,-120.610829,Vandenberg Space Force Base Space Launch Complex 4E,Vandenberg Space Force Base
41,KSC-LC-39A,Boeing X-37B,4990,LEO,USAF,  Success,F9 B4,  Success ground pad,7-Sep-17,14:00,0,,28.6080585,-80.6039558,Kennedy Space Center Historic Launch Complex 39A,Kennedy Space Center
42,VAFB-SLC-4E,Iridium NEXT,9600,LEO,Iridium Comm,  Success,F9 B4,  Success drone ship,9-Oct-17,12:37,0,,34.632093,-120.610829,Vandenberg Space Force Base Space Launch Complex 4E,Vandenberg Space Force Base
43,KSC-LC-39A,SES-11,5200,GTO,SES S.A.,  Success,F9 FTB1031.2,  Success drone ship,11-Oct-17,22:53:00,0,,28.6080585,-80.6039558,Kennedy Space Center Historic Launch Complex 39A,Kennedy Space Center
44,KSC-LC-39A,Koreasat 5A,3500,GTO,KT Corporation,  Success,F9 B4,  Success drone ship,30-Oct-17,19:34,0,,28.6080585,-80.6039558,Kennedy Space Center Historic Launch Complex 39A,Kennedy Space Center
45,CCAFS-SLC-40,SpaceX CRS-13,2205,LEO,NASA,  Success,F9 FTB1035.2,  Success ground pad,15-Dec-17,15:36,0,,28.5618571,-80.577366,Cape Canaveral Space Force Station Space Launch Complex 40,Cape Canaveral 
46,VAFB-SLC-4E,Iridium NEXT,9600,LEO,Iridium Comm,  Success,F9 FTB1036.2,  Controlled ocean,23-Dec-17,1:27,0,,34.632093,-120.610829,Vandenberg Space Force Base Space Launch Complex 4E,Vandenberg Space Force Base
47,CCAFS-SLC-40,Zuma,0,LEO,Northrop Grumman,  Success,F9 B4,  Success ground pad,8-Jan-18,1:00,1,,28.5618571,-80.577366,Cape Canaveral Space Force Station Space Launch Complex 40,Cape Canaveral 
48,CCAFS-SLC-40,GovSat-1,4230,GTO,SES,  Success,F9 FTB1032.2,  Controlled ocean,31-Jan-18,21:25,0,,28.5618571,-80.577366,Cape Canaveral Space Force Station Space Launch Complex 40,Cape Canaveral 
49,VAFB-SLC-4E,Paz,2150,SSO,Hisdesat,  Success,F9 FTB1038.2,  No attempt,22-Feb-18,14:17,0,,34.632093,-120.610829,Vandenberg Space Force Base Space Launch Complex 4E,Vandenberg Space Force Base
50,CCAFS-SLC-40,Hispasat 30W-6,6092,GTO,Hispasat,  Success,F9 B4,  No attempt,6-Mar-18,5:33,0,,28.5618571,-80.577366,Cape Canaveral Space Force Station Space Launch Complex 40,Cape Canaveral 
51,VAFB-SLC-4E,Iridium NEXT,9600,LEO,Iridium Comm,  Success,F9 B4B1041.2,  No attempt,30-Mar-18,14:14,0,,34.632093,-120.610829,Vandenberg Space Force Base Space Launch Complex 4E,Vandenberg Space Force Base
52,CCAFS-SLC-40,SpaceX CRS-14,2647,LEO,NASA,  Success,F9 B4B1039.2,  No attempt,2-Apr-18,20:30,0,,28.5618571,-80.577366,Cape Canaveral Space Force Station Space Launch Complex 40,Cape Canaveral 
53,CCAFS-SLC-40,Transiting Exoplanet Survey Satellite,362,HEO,NASA,  Success,F9 B4,  Success drone ship,18-Apr-18,22:51,0,,28.5618571,-80.577366,Cape Canaveral Space Force Station Space Launch Complex 40,Cape Canaveral 
54,KSC-LC-39A,Bangabandhu-1,3600,GTO,Thales-Alenia,  Success,F9 B5B1046.1,  Success drone ship,11-May-18,20:14,0,,28.6080585,-80.6039558,Kennedy Space Center Historic Launch Complex 39A,Kennedy Space Center
55,VAFB-SLC-4E,Iridium NEXT,6460,LEO,Iridium Comm,  Success,F9 B4B1043.2,  No attempt,22-May-18,19:47,0,,34.632093,-120.610829,Vandenberg Space Force Base Space Launch Complex 4E,Vandenberg Space Force Base
56,CCAFS-SLC-40,SES-12,5384,GTO,SES,  Success,F9 B4B1040.2,  No attempt,4-Jun-18,4:45,0,,28.5618571,-80.577366,Cape Canaveral Space Force Station Space Launch Complex 40,Cape Canaveral 
57,CCAFS-SLC-40,SpaceX CRS-15,2697,LEO,NASA,  Success,F9 B4B1045.2,  No attempt,29-Jun-18,9:42,0,,28.5618571,-80.577366,Cape Canaveral Space Force Station Space Launch Complex 40,Cape Canaveral 
58,CCAFS-SLC-40,Telstar 19V,7075,GTO,Telesat,  Success,F9 B5,  Success drone ship,22-Jul-18,5:50,0,,28.5618571,-80.577366,Cape Canaveral Space Force Station Space Launch Complex 40,Cape Canaveral 
59,VAFB-SLC-4E,Iridium NEXT,9600,LEO,Iridium Comm,  Success,F9 B5B1048,  Success drone ship,25-Jul-18,11:39,0,,34.632093,-120.610829,Vandenberg Space Force Base Space Launch Complex 4E,Vandenberg Space Force Base
60,CCAFS-SLC-40,Merah Putih,5800,GTO,Telkom Indonesia,  Success,F9 B5B1046.2,  Success drone ship,7-Aug-18,5:18,0,,28.5618571,-80.577366,Cape Canaveral Space Force Station Space Launch Complex 40,Cape Canaveral 
61,CCAFS-SLC-40,Telstar 18V,7060,GTO,Telesat,  Success,F9 B5,  Success drone ship,10-Sep-18,4:45,0,,28.5618571,-80.577366,Cape Canaveral Space Force Station Space Launch Complex 40,Cape Canaveral 
62,VAFB-SLC-4E,SAOCOM 1A,3000,SSO,CONAE,  Success,F9 B5B1048.2,  Success ground pad,8-Oct-18,2:22,0,,34.632093,-120.610829,Vandenberg Space Force Base Space Launch Complex 4E,Vandenberg Space Force Base
63,KSC-LC-39A,Es'hail 2,5300,GTO,Es'hailSat,  Success,F9 B5B1047.2,  Success drone ship,15-Nov-18,20:46,0,,28.6080585,-80.6039558,Kennedy Space Center Historic Launch Complex 39A,Kennedy Space Center
64,VAFB-SLC-4E,SSO-A,4000,SSO,Spaceflight Industries,  Success,F9 B5B1046.3,  Success drone ship,3-Dec-18,18:34:05,0,,34.632093,-120.610829,Vandenberg Space Force Base Space Launch Complex 4E,Vandenberg Space Force Base
65,CCAFS-SLC-40,SpaceX CRS-16,2500,LEO,NASA,  Success,F9 B5,  Failure ground pad,5-Dec-18,18:16,0,,28.5618571,-80.577366,Cape Canaveral Space Force Station Space Launch Complex 40,Cape Canaveral 
66,CCAFS-SLC-40,GPS III,4400,MEO,USAF,  Success,F9 B5,  No attempt,23-Dec-18,13:51,0,,28.5618571,-80.577366,Cape Canaveral Space Force Station Space Launch Complex 40,Cape Canaveral 
67,VAFB-SLC-4E,Iridium NEXT,9600,LEO,Iridium Comm,  Success,F9 B5B1049.2,  Success drone ship,11-Jan-19,15:31,0,,34.632093,-120.610829,Vandenberg Space Force Base Space Launch Complex 4E,Vandenberg Space Force Base
68,CCAFS-SLC-40,Nusantara Satu,4850,GTO,PSN,  Success,F9 B5B1048.3,  Success drone ship,22-Feb-19,1:45,0,,28.5618571,-80.577366,Cape Canaveral Space Force Station Space Launch Complex 40,Cape Canaveral 
69,KSC-LC-39A,Crew Dragon Demo-1,12055,LEO,NASA,  Success,F9 B5[268],  Success drone ship,2-Mar-19,7:49,0,,28.6080585,-80.6039558,Kennedy Space Center Historic Launch Complex 39A,Kennedy Space Center
70,CCAFS-SLC-40,SpaceX CRS-17,2495,LEO,NASA,  Success,F9 B5,  Success drone ship,4-May-19,6:48,0,,28.5618571,-80.577366,Cape Canaveral Space Force Station Space Launch Complex 40,Cape Canaveral 
71,CCAFS-SLC-40,Starlink,13620,LEO,SpaceX,  Success,F9 B5B1049.3,  Success drone ship,24-May-19,2:30,0,,28.5618571,-80.577366,Cape Canaveral Space Force Station Space Launch Complex 40,Cape Canaveral 
72,VAFB-SLC-4E,RADARSAT Constellation,4200,SSO,Canadian Space Agency,  Success,F9 B5B1051.2,  Success ground pad,12-Jun-19,14:17,0,,34.632093,-120.610829,Vandenberg Space Force Base Space Launch Complex 4E,Vandenberg Space Force Base
73,CCAFS-SLC-40,SpaceX CRS-18,2268,LEO,NASA,  Success,F9 B5B1056.2,  Success ground pad,25-Jul-19,22:01,0,,28.5618571,-80.577366,Cape Canaveral Space Force Station Space Launch Complex 40,Cape Canaveral 
74,CCAFS-SLC-40,AMOS-17,6500,GTO,Spacecom,  Success,F9 B5B1047.3,  No attempt,6-Aug-19,23:23,0,,28.5618571,-80.577366,Cape Canaveral Space Force Station Space Launch Complex 40,Cape Canaveral 
75,CCAFS-SLC-40,Starlink,15600,LEO,SpaceX,  Success,F9 B5,  Success drone ship,11-Nov-19,14:56,0,,28.5618571,-80.577366,Cape Canaveral Space Force Station Space Launch Complex 40,Cape Canaveral 
76,CCAFS-SLC-40,SpaceX CRS-19,2617,LEO,NASA,  Success,F9 B5,  Success drone ship,5-Dec-19,17:29,0,,28.5618571,-80.577366,Cape Canaveral Space Force Station Space Launch Complex 40,Cape Canaveral 
77,CCAFS-SLC-40,JCSat-18,6956,GTO,Sky Perfect JSAT,  Success,F9 B5B1056.3,  Success drone ship,17-Dec-19,0:10,0,,28.5618571,-80.577366,Cape Canaveral Space Force Station Space Launch Complex 40,Cape Canaveral 
78,CCAFS-SLC-40,Starlink,15600,LEO,SpaceX,  Success,F9 B5,  Success drone ship,7-Jan-20,2:19:21,0,,28.5618571,-80.577366,Cape Canaveral Space Force Station Space Launch Complex 40,Cape Canaveral 
79,KSC-LC-39A,Crew Dragon in-flight abort test,12050,Sub-orbital,NASA,  Success,F9 B5,  No attempt,19-Jan-20,15:30,0,,28.6080585,-80.6039558,Kennedy Space Center Historic Launch Complex 39A,Kennedy Space Center
80,CCAFS-SLC-40,Starlink,15600,LEO,SpaceX,  Success,F9 B5,  Success drone ship,29-Jan-20,14:07,0,,28.5618571,-80.577366,Cape Canaveral Space Force Station Space Launch Complex 40,Cape Canaveral 
81,CCAFS-SLC-40,Starlink,15600,LEO,SpaceX,  Success,F9 B5,  Failure drone ship,17-Feb-20,15:05,0,,28.5618571,-80.577366,Cape Canaveral Space Force Station Space Launch Complex 40,Cape Canaveral 
82,CCAFS-SLC-40,SpaceX CRS-20,1977,LEO,NASA,  Success,F9 B5,  Success ground pad,7-Mar-20,4:50,0,,28.5618571,-80.577366,Cape Canaveral Space Force Station Space Launch Complex 40,Cape Canaveral 
83,KSC-LC-39A,Starlink,15600,LEO,SpaceX,  Success,F9 B5,  Failure drone ship,18-Mar-20,12:16,0,,28.6080585,-80.6039558,Kennedy Space Center Historic Launch Complex 39A,Kennedy Space Center
84,KSC-LC-39A,Starlink,15600,LEO,SpaceX,  Success,F9 B5,  Success drone ship,22-Apr-20,19:30,0,,28.6080585,-80.6039558,Kennedy Space Center Historic Launch Complex 39A,Kennedy Space Center
85,KSC-LC-39A,Crew Dragon Demo-2,12530,LEO,NASA,  Success,F9 B5,  Success drone ship,30-May-20,19:22,0,,28.6080585,-80.6039558,Kennedy Space Center Historic Launch Complex 39A,Kennedy Space Center
86,CCAFS-SLC-40,Starlink,15600,LEO,SpaceX,  Success,F9 B5,  Success drone ship,4-Jun-20,1:25,0,,28.5618571,-80.577366,Cape Canaveral Space Force Station Space Launch Complex 40,Cape Canaveral 
87,CCAFS-SLC-40,Starlink,15410,LEO,SpaceX,  Success,F9 B5,  Success drone ship,13-Jun-20,9:21,0,,28.5618571,-80.577366,Cape Canaveral Space Force Station Space Launch Complex 40,Cape Canaveral 
88,CCAFS-SLC-40,GPS III,4311,MEO,U.S. Space Force,  Success,F9 B5,  Success drone ship,30-Jun-20,20:10:46,0,,28.5618571,-80.577366,Cape Canaveral Space Force Station Space Launch Complex 40,Cape Canaveral 
89,CCAFS-SLC-40,ANASIS-II,6000,GTO,Republic of Korea Army,  Success,F9 B5B1058.2,  Success drone ship,20-Jul-20,21:30,0,,28.5618571,-80.577366,Cape Canaveral Space Force Station Space Launch Complex 40,Cape Canaveral 
90,KSC-LC-39A,Starlink,14932,LEO,SpaceX,  Success,F9 B5,  Success drone ship,7-Aug-20,5:12,0,,28.6080585,-80.6039558,Kennedy Space Center Historic Launch Complex 39A,Kennedy Space Center
91,CCAFS-SLC-40,Starlink,15440,LEO,SpaceX,  Success,F9 B5B1049.6,  Success drone ship,18-Aug-20,14:31,0,,28.5618571,-80.577366,Cape Canaveral Space Force Station Space Launch Complex 40,Cape Canaveral 
92,CCAFS-SLC-40,SAOCOM 1B,3130,SSO,CONAE,  Success,F9 B5,  Success ground pad,30-Aug-20,23:18,0,,28.5618571,-80.577366,Cape Canaveral Space Force Station Space Launch Complex 40,Cape Canaveral 
93,KSC-LC-39A,Starlink,15600,LEO,SpaceX,  Success,F9 B5B1060.2,  Success drone ship,3-Sep-20,12:46:14,0,,28.6080585,-80.6039558,Kennedy Space Center Historic Launch Complex 39A,Kennedy Space Center
94,KSC-LC-39A,Starlink,15600,LEO,SpaceX,  Success,F9 B5B1058.3,  Success drone ship,6-Oct-20,11:29:34,0,,28.6080585,-80.6039558,Kennedy Space Center Historic Launch Complex 39A,Kennedy Space Center
95,KSC-LC-39A,Starlink,15600,LEO,SpaceX,  Success,F9 B5B1051.6,  Success drone ship,18-Oct-20,12:25:57,0,,28.6080585,-80.6039558,Kennedy Space Center Historic Launch Complex 39A,Kennedy Space Center
96,CCAFS-SLC-40,Starlink,15600,LEO,SpaceX,  Success,F9 B5,  Success drone ship,24-Oct-20,15:31:34,0,,28.5618571,-80.577366,Cape Canaveral Space Force Station Space Launch Complex 40,Cape Canaveral 
97,CCAFS-SLC-40,GPS III,4311,MEO,USSF,  Success,F9 B5,  Success drone ship,5-Nov-20,23:24:23,0,,28.5618571,-80.577366,Cape Canaveral Space Force Station Space Launch Complex 40,Cape Canaveral 
98,KSC-LC-39A,Crew-1,12500,LEO,NASA,  Success,F9 B5,  Success drone ship,16-Nov-20,0:27,0,,28.6080585,-80.6039558,Kennedy Space Center Historic Launch Complex 39A,Kennedy Space Center
99,VAFB-SLC-4E,Sentinel-6 Michael Freilich (Jason-CS A),1192,LEO,NASA,  Success,F9 B5,  Success ground pad,21-Nov-20,17:17:08,0,,34.632093,-120.610829,Vandenberg Space Force Base Space Launch Complex 4E,Vandenberg Space Force Base
100,CCAFS-SLC-40,Starlink,15600,LEO,SpaceX,  Success,F9 B5 ♺,  Success drone ship,25-Nov-20,2:13,0,,28.5618571,-80.577366,Cape Canaveral Space Force Station Space Launch Complex 40,Cape Canaveral 
101,KSC-LC-39A,SpaceX CRS-21,2972,LEO,NASA,  Success,F9 B5 ♺,  Success drone ship,6-Dec-20,16:17:08,0,,28.6080585,-80.6039558,Kennedy Space Center Historic Launch Complex 39A,Kennedy Space Center
102,CCSFS-SLC-40,SXM-7,7000,GTO,Sirius XM,  Success,F9 B5 ♺,  Success drone ship,13-Dec-20,17:30:00,0,,28.5618571,-80.577366,Cape Canaveral Space Force Station Space Launch Complex 40,Cape Canaveral 
103,KSC-LC-39A,NROL-108,0,LEO,NRO,  Success,F9 B5 ♺,  Success ground pad,19-Dec-20,14:00:00,1,,28.6080585,-80.6039558,Kennedy Space Center Historic Launch Complex 39A,Kennedy Space Center
104,CCSFS-SLC-40,Turksat 5A,3500,GTO,Türksat,  Success,F9 B5,  Success drone ship,8-Jan-21,2:15,0,,28.5618571,-80.577366,Cape Canaveral Space Force Station Space Launch Complex 40,Cape Canaveral 
105,KSC-LC-39A,Starlink,15600,LEO,SpaceX,  Success,F9 B5B1051.8,  Success drone ship,20-Jan-21,13:02,0,,28.6080585,-80.6039558,Kennedy Space Center Historic Launch Complex 39A,Kennedy Space Center
106,CCSFS-SLC-40,Transporter-1,5000,SSO,SpaceX,  Success,F9 B5B1058.5,  Success drone ship,24-Jan-21,15:00,0,,28.5618571,-80.577366,Cape Canaveral Space Force Station Space Launch Complex 40,Cape Canaveral 
107,CCSFS-SLC-40,Starlink,15600,LEO,SpaceX,  Success,F9 B5 ♺,  Success drone ship,4-Feb-21,6:19,0,,28.5618571,-80.577366,Cape Canaveral Space Force Station Space Launch Complex 40,Cape Canaveral 
108,CCSFS-SLC-40,Starlink,15600,LEO,SpaceX,  Success,F9 B5 ♺,  Failure drone ship,16-Feb-21,3:59:37,0,,28.5618571,-80.577366,Cape Canaveral Space Force Station Space Launch Complex 40,Cape Canaveral 
109,KSC-LC-39A,Starlink,15600,LEO,SpaceX,  Success,F9 B5 ♺,  Success drone ship,4-Mar-21,8:24,0,,28.6080585,-80.6039558,Kennedy Space Center Historic Launch Complex 39A,Kennedy Space Center
110,CCSFS-SLC-40,Starlink,15600,LEO,SpaceX,  Success,F9 B5 ♺,  Success drone ship,11-Mar-21,8:13:29,0,,28.5618571,-80.577366,Cape Canaveral Space Force Station Space Launch Complex 40,Cape Canaveral 
111,KSC-LC-39A,Starlink,15600,LEO,SpaceX,  Success,F9 B5 ♺,  Success drone ship,14-Mar-21,10:01,0,,28.6080585,-80.6039558,Kennedy Space Center Historic Launch Complex 39A,Kennedy Space Center
112,CCSFS-SLC-40,Starlink,15600,LEO,SpaceX,  Success,F9 B5B1060.6,  Success drone ship,24-Mar-21,8:28,0,,28.5618571,-80.577366,Cape Canaveral Space Force Station Space Launch Complex 40,Cape Canaveral 
113,CCSFS-SLC-40,Starlink,15600,LEO,SpaceX,  Success,F9 B5 ♺,  Success drone ship,7-Apr-21,16:34,0,,28.5618571,-80.577366,Cape Canaveral Space Force Station Space Launch Complex 40,Cape Canaveral 
114,KSC-LC-39A,Crew-2,13000,LEO,NASA,  Success,F9 B5B1061.2,  Success drone ship,23-Apr-21,9:49,0,,28.6080585,-80.6039558,Kennedy Space Center Historic Launch Complex 39A,Kennedy Space Center
115,CCSFS-SLC-40,Starlink,15600,LEO,SpaceX,  Success,F9 B5B1060.7,  Success drone ship,29-Apr-21,3:44,0,,28.5618571,-80.577366,Cape Canaveral Space Force Station Space Launch Complex 40,Cape Canaveral 
116,KSC-LC-39A,Starlink,15600,LEO,SpaceX,  Success,F9 B5B1049.9,  Success drone ship,4-May-21,19:01,0,,28.6080585,-80.6039558,Kennedy Space Center Historic Launch Complex 39A,Kennedy Space Center
117,CCSFS-SLC-40,Starlink,15600,LEO,SpaceX,  Success,F9 B5B1051.10,  Success drone ship,9-May-21,6:42,0,,28.5618571,-80.577366,Cape Canaveral Space Force Station Space Launch Complex 40,Cape Canaveral 
118,KSC-LC-39A,Starlink,14000,LEO,SpaceX,  Success,F9 B5B1058.8,  Success drone ship,15-May-21,22:56,0,,28.6080585,-80.6039558,Kennedy Space Center Historic Launch Complex 39A,Kennedy Space Center
119,CCSFS-SLC-40,Starlink,15600,LEO,SpaceX,  Success,F9 B5B1063.2,  Success drone ship,26-May-21,18:59,0,,28.5618571,-80.577366,Cape Canaveral Space Force Station Space Launch Complex 40,Cape Canaveral 
120,KSC-LC-39A,SpaceX CRS-22,3328,LEO,NASA,  Success,F9 B5B1067.1,  Success drone ship,3-Jun-21,17:29,0,,28.6080585,-80.6039558,Kennedy Space Center Historic Launch Complex 39A,Kennedy Space Center
121,CCSFS-SLC-40,SXM-8,7000,GTO,Sirius XM,  Success,F9 B5,  Success drone ship,6-Jun-21,4:26,0,,28.5618571,-80.577366,Cape Canaveral Space Force Station Space Launch Complex 40,Cape Canaveral 